{"cameraMode":{"drawMode":0,"name":"Shaded","section":"Shading Mode"},"sceneLighting":false,"audioPlay":false,"sceneViewState":{"m_AlwaysRefresh":false,"showFog":true,"showSkybox":false,"showFlares":true,"showImageEffects":true,"showParticleSystems":true,"showVisualEffectGraphs":true,"m_FxEnabled":true},"in2DMode":false,"pivot":{"x":0.11338531970977783,"y":-0.11561369895935059,"z":0.6025314331054688},"rotation":{"x":-0.05462561547756195,"y":-0.35587209463119509,"z":-0.02084187977015972,"w":0.932705819606781},"size":0.5296998620033264,"orthographic":false}