{"cameraMode":{"drawMode":0,"name":"Shaded","section":"Shading Mode"},"sceneLighting":false,"audioPlay":false,"sceneViewState":{"m_AlwaysRefresh":false,"showFog":true,"showSkybox":false,"showFlares":true,"showImageEffects":true,"showParticleSystems":true,"showVisualEffectGraphs":true,"m_FxEnabled":true},"in2DMode":false,"pivot":{"x":2.9165775775909426,"y":2.760662317276001,"z":-2.316396713256836},"rotation":{"x":0.07953815907239914,"y":-0.31724390387535097,"z":0.02670930325984955,"w":0.9446448087692261},"size":0.08008168637752533,"orthographic":false}