{"cameraMode":{"drawMode":0,"name":"Shaded","section":"Shading Mode"},"sceneLighting":false,"audioPlay":false,"sceneViewState":{"m_AlwaysRefresh":false,"showFog":true,"showSkybox":false,"showFlares":true,"showImageEffects":true,"showParticleSystems":true,"showVisualEffectGraphs":true,"m_FxEnabled":true},"in2DMode":false,"pivot":{"x":-2.5203733444213869,"y":-1.587252140045166,"z":22.18086051940918},"rotation":{"x":0.07340490072965622,"y":-0.028419142588973047,"z":0.002091619186103344,"w":0.9969052672386169},"size":14.786454200744629,"orthographic":false}