{"cameraMode":{"drawMode":0,"name":"Shaded","section":"Shading Mode"},"sceneLighting":false,"audioPlay":false,"sceneViewState":{"m_AlwaysRefresh":false,"showFog":true,"showSkybox":false,"showFlares":true,"showImageEffects":true,"showParticleSystems":true,"showVisualEffectGraphs":true,"m_FxEnabled":true},"in2DMode":false,"pivot":{"x":-0.7058209776878357,"y":0.5874375700950623,"z":0.3322964310646057},"rotation":{"x":0.05132567137479782,"y":-0.6832295656204224,"z":0.04824734851717949,"w":0.7268113493919373},"size":0.8180170059204102,"orthographic":false}