{"cameraMode":{"drawMode":0,"name":"Shaded","section":"Shading Mode"},"sceneLighting":false,"audioPlay":false,"sceneViewState":{"m_AlwaysRefresh":false,"showFog":true,"showSkybox":false,"showFlares":true,"showImageEffects":true,"showParticleSystems":true,"showVisualEffectGraphs":true,"m_FxEnabled":true},"in2DMode":false,"pivot":{"x":0.17078149318695069,"y":0.08771216869354248,"z":-0.0005329251289367676},"rotation":{"x":0.1512773334980011,"y":-0.42003393173217776,"z":0.07123718410730362,"w":0.8919724225997925},"size":1.3192490339279175,"orthographic":false}