{"cameraMode":{"drawMode":0,"name":"Shaded","section":"Shading Mode"},"sceneLighting":false,"audioPlay":false,"sceneViewState":{"m_AlwaysRefresh":false,"showFog":true,"showSkybox":false,"showFlares":true,"showImageEffects":true,"showParticleSystems":true,"showVisualEffectGraphs":true,"m_FxEnabled":true},"in2DMode":false,"pivot":{"x":0.315662145614624,"y":-0.06902758032083512,"z":0.46948182582855227},"rotation":{"x":0.0299910269677639,"y":0.017991483211517335,"z":-0.0005408794386312366,"w":0.9993983507156372},"size":0.3732638359069824,"orthographic":false}