{"cameraMode":{"drawMode":0,"name":"Shaded","section":"Shading Mode"},"sceneLighting":false,"audioPlay":false,"sceneViewState":{"m_AlwaysRefresh":false,"showFog":true,"showSkybox":false,"showFlares":true,"showImageEffects":true,"showParticleSystems":true,"showVisualEffectGraphs":true,"m_FxEnabled":true},"in2DMode":false,"pivot":{"x":0.4004027843475342,"y":-0.024261843413114549,"z":0.4629250764846802},"rotation":{"x":2.2294187829174917e-8,"y":0.07493086159229279,"z":-9.08221863937797e-7,"w":0.997198760509491},"size":0.3732638359069824,"orthographic":false}