{"cameraMode":{"drawMode":0,"name":"Shaded","section":"Shading Mode"},"sceneLighting":false,"audioPlay":false,"sceneViewState":{"m_AlwaysRefresh":false,"showFog":true,"showSkybox":false,"showFlares":true,"showImageEffects":true,"showParticleSystems":true,"showVisualEffectGraphs":true,"m_FxEnabled":true},"in2DMode":false,"pivot":{"x":0.20505227148532868,"y":0.013317705132067204,"z":-0.4020608365535736},"rotation":{"x":0.15642039477825166,"y":-0.20230185985565186,"z":0.03275144100189209,"w":0.9661990404129028},"size":0.29467424750328066,"orthographic":false}