{"cameraMode":{"drawMode":0,"name":"Shaded","section":"Shading Mode"},"sceneLighting":false,"audioPlay":false,"sceneViewState":{"m_AlwaysRefresh":false,"showFog":true,"showSkybox":false,"showFlares":true,"showImageEffects":true,"showParticleSystems":true,"showVisualEffectGraphs":true,"m_FxEnabled":true},"in2DMode":false,"pivot":{"x":-0.18432721495628358,"y":0.07179802656173706,"z":-0.35766488313674929},"rotation":{"x":0.20120544731616975,"y":0.2557808756828308,"z":-0.05451780930161476,"w":0.9439947009086609},"size":0.2452961951494217,"orthographic":false}