{"cameraMode":{"drawMode":0,"name":"Shaded","section":"Shading Mode"},"sceneLighting":false,"audioPlay":false,"sceneViewState":{"m_AlwaysRefresh":false,"showFog":true,"showSkybox":false,"showFlares":true,"showImageEffects":true,"showParticleSystems":true,"showVisualEffectGraphs":true,"m_FxEnabled":true},"in2DMode":false,"pivot":{"x":0.12868553400039674,"y":0.011188805103302002,"z":0.002930283546447754},"rotation":{"x":0.1512773334980011,"y":-0.42003393173217776,"z":0.07123718410730362,"w":0.8919724225997925},"size":1.2714215517044068,"orthographic":false}