{"cameraMode":{"drawMode":0,"name":"Shaded","section":"Shading Mode"},"sceneLighting":false,"audioPlay":false,"sceneViewState":{"m_AlwaysRefresh":false,"showFog":true,"showSkybox":false,"showFlares":true,"showImageEffects":true,"showParticleSystems":true,"showVisualEffectGraphs":true,"m_FxEnabled":true},"in2DMode":false,"pivot":{"x":0.3625999987125397,"y":-0.0989999994635582,"z":1.0140000581741334},"rotation":{"x":-0.18865877389907838,"y":0.6599823832511902,"z":-0.17649634182453156,"w":-0.7054712772369385},"size":0.022576598450541498,"orthographic":false}