{"cameraMode":{"drawMode":0,"name":"Shaded","section":"Shading Mode"},"sceneLighting":false,"audioPlay":false,"sceneViewState":{"m_AlwaysRefresh":false,"showFog":true,"showSkybox":false,"showFlares":true,"showImageEffects":true,"showParticleSystems":true,"showVisualEffectGraphs":true,"m_FxEnabled":true},"in2DMode":false,"pivot":{"x":5.740863800048828,"y":-2.261096239089966,"z":19.336959838867189},"rotation":{"x":0.09787919372320175,"y":0.13836881518363954,"z":-0.013744525611400605,"w":0.9854465126991272},"size":12.12435531616211,"orthographic":false}